subject_category	subject_id	subject_label	predicate_id	object_id	object_label	confidence	comment	mapping_justification	mapping_date	creator_id
GLWD:WetlandClass	GLWD:FreshwaterLake	Freshwater lake	skos:exactMatch	ENVO:00000021	freshwater lake	1	Definitions match.	semapv:ManualMappingCuration	2026-08-28	https://orcid.org/0000-0003-2261-9931
GLWD:WetlandClass	GLWD:SalineLake	Saline lake	skos:exactMatch	ENVO:00000019	saline lake	1	Definitions match.	semapv:ManualMappingCuration	2026-08-28	https://orcid.org/0000-0003-2261-9931
GLWD:WetlandClass	GLWD:Reservoir	Reservoir	skos:exactMatch	ENVO:00000025	reservoir	1	Definitions match.	semapv:ManualMappingCuration	2026-08-28	https://orcid.org/0000-0003-2261-9931
GLWD:WetlandClass	GLWD:LargeRiver	Large river	skos:broadMatch	ENVO:00000022	river	1	The subject has a "large" qualifier that the object lacks.	semapv:ManualMappingCuration	2026-08-28	https://orcid.org/0000-0003-2261-9931
GLWD:WetlandClass	GLWD:LargeEstuarineRiver	Large estuarine river	skos:relatedMatch	ENVO:01000618	estuary	1	The subject refers to the estuarine influenced portion of the river, rather than an estuary itself.	semapv:ManualMappingCuration	2026-08-28	https://orcid.org/0000-0003-2261-9931
GLWD:WetlandClass	GLWD:OtherPermanentWaterbody	Other permanent waterbody	skos:broadMatch	ENVO:00000063	water body	1	The subject is a permanent open water body.	semapv:ManualMappingCuration	2026-08-28	https://orcid.org/0000-0003-2261-9931
GLWD:WetlandClass	GLWD:SmallStreams	Small streams	skos:exactMatch	ENVO:00000023	stream	1	Definitions match.	semapv:ManualMappingCuration	2026-08-28	https://orcid.org/0000-0003-2261-9931
GLWD:WetlandClass	GLWD:LacustrineForested	Lacustrine, forested	skos:broadMatch	ENVO:01000893	wetland ecosystem	1	The subject specifies the water source and plant type whereas the object refers to a broader water source and plant type	semapv:ManualMappingCuration	2026-08-28	https://orcid.org/0000-0003-2261-9931
GLWD:WetlandClass	GLWD:LacustrineNonForested	Lacustrine, non-forested	skos:broadMatch	ENVO:01000894	wetland ecosystem	1	The subject specifies the water source and plant type whereas the object refers to a broader water source and plant type	semapv:ManualMappingCuration	2026-08-28	https://orcid.org/0000-0003-2261-9931
GLWD:WetlandClass	GLWD:RiverineRegularlyFloodedForested	Riverine, regularly flooded, forested	skos:broadMatch	ENVO:01000893	wetland ecosystem	1	The subject specifies the water source, temporal nature, and plant type whereas the object refers to a broader water source, plant type	semapv:ManualMappingCuration	2026-08-28	https://orcid.org/0000-0003-2261-9931
GLWD:WetlandClass	GLWD:RiverineRegularlyFloodedNonForested	Riverine, regularly flooded, non-forested	skos:broadMatch	ENVO:01000894	wetland ecosystem	1	The subject specifies the water source, temporal nature, and plant type whereas the object refers to a broader water source, plant type	semapv:ManualMappingCuration	2026-08-28	https://orcid.org/0000-0003-2261-9931
GLWD:WetlandClass	GLWD:RiverineSeasonallyFloodedForested	Riverine, seasonally flooded, forested	skos:broadMatch	ENVO:00000389	intermittent wetland	1	The subject specifies the water source, temporal nature, and plant type whereas the object refers to broader water source and plant types 	semapv:ManualMappingCuration	2026-08-28	https://orcid.org/0000-0003-2261-9931
GLWD:WetlandClass	GLWD:RiverineSeasonallyFloodedNonForested	Riverine, seasonally flooded, non-forested	skos:broadMatch	ENVO:00000389	intermittent wetland	1	The subject specifies the water source, temporal nature, and plant type whereas the object refers to broader water source and plant types 	semapv:ManualMappingCuration	2026-08-28	https://orcid.org/0000-0003-2261-9931
GLWD:WetlandClass	GLWD:RiverineSeasonallySaturatedForested	Riverine, seasonally saturated, forested	skos:broadMatch	ENVO:00000389	intermittent wetland	1	The subject specifies the water source, temporal nature, and plant type whereas the object refers to broader water source and plant types 	semapv:ManualMappingCuration	2026-08-28	https://orcid.org/0000-0003-2261-9931
GLWD:WetlandClass	GLWD:RiverineSeasonallySaturatedNonForested	Riverine, seasonally saturated, non-forested	skos:broadMatch	ENVO:00000389	intermittent wetland	1	The subject specifies the water source, temporal nature, and plant type whereas the object refers to broader water source and plant types 	semapv:ManualMappingCuration	2026-08-28	https://orcid.org/0000-0003-2261-9931
GLWD:WetlandClass	GLWD:PalustrineRegularlyFloodedForested	Palustrine, regularly flooded, forested	skos:broadMatch	ENVO:01000894	wetland ecosystem	1	The subject specifies the water source, temporal nature, and plant type whereas the object refers to broader water source and plant types 	semapv:ManualMappingCuration	2026-08-28	https://orcid.org/0000-0003-2261-9931
GLWD:WetlandClass	GLWD:PalustrineRegularlyFloodedNonForested	Palustrine, regularly flooded, non-forested	skos:broadMatch	ENVO:01000894	wetland ecosystem	1	The subject specifies the water source, temporal nature, and plant type whereas the object refers to broader water source and plant types 	semapv:ManualMappingCuration	2026-08-28	https://orcid.org/0000-0003-2261-9931
GLWD:WetlandClass	GLWD:PalustrineSeasonallySaturatedForested	Palustrine, seasonally saturated, forested	skos:broadMatch	ENVO:00000389	intermittent wetland	1	The subject specifies the water source, temporal nature, and plant type whereas the object refers to broader water source and plant types 	semapv:ManualMappingCuration	2026-08-28	https://orcid.org/0000-0003-2261-9931
GLWD:WetlandClass	GLWD:PalustrineSeasonallySaturatedNonForested	Palustrine, seasonally saturated, non-forested	skos:broadMatch	ENVO:00000389	intermittent wetland	1	The subject specifies the water source, temporal nature, and plant type whereas the object refers to broader water source and plant types 	semapv:ManualMappingCuration	2026-08-28	https://orcid.org/0000-0003-2261-9931
GLWD:WetlandClass	GLWD:EphemeralForested	Ephemeral, forested	skos:broadMatch	ENVO:00000389	intermittent wetland	1	The subject specifies the temporal nature and plant type whereas the object refers to only the temporal nature	semapv:ManualMappingCuration	2026-08-28	https://orcid.org/0000-0003-2261-9931
GLWD:WetlandClass	GLWD:EphemeralNonForested	Ephemeral, non-forested	skos:broadMatch	ENVO:00000389	intermittent wetland	1	The subject specifies the temporal nature and plant type whereas the object refers to only the temporal nature	semapv:ManualMappingCuration	2026-08-28	https://orcid.org/0000-0003-2261-9931
GLWD:WetlandClass	GLWD:ArcticBorealPeatlandForested	Arctic/boreal peatland, forested	skos:broadMatch	ENVO:00000044	peatland	1	The subject specifies multiple attributes in greater detail than the object	semapv:ManualMappingCuration	2026-08-28	https://orcid.org/0000-0003-2261-9931
GLWD:WetlandClass	GLWD:ArcticBorealPeatlandNonForested	Arctic/boreal peatland, non-forested	skos:broadMatch	ENVO:00000044	peatland	1	The subject specifies multiple attributes in greater detail than the object	semapv:ManualMappingCuration	2026-08-28	https://orcid.org/0000-0003-2261-9931
GLWD:WetlandClass	GLWD:TemperatePeatlandForested	Temperate peatland, forested	skos:broadMatch	ENVO:00000044	peatland	1	The subject specifies multiple attributes in greater detail than the object	semapv:ManualMappingCuration	2026-08-28	https://orcid.org/0000-0003-2261-9931
GLWD:WetlandClass	GLWD:TemperatePeatlandNonForested	Temperate peatland, non-forested	skos:broadMatch	ENVO:00000044	peatland	1	The subject specifies multiple attributes in greater detail than the object	semapv:ManualMappingCuration	2026-08-28	https://orcid.org/0000-0003-2261-9931
GLWD:WetlandClass	GLWD:TropicalPeatlandForested	Tropical/subtropical peatland, forested	skos:broadMatch	ENVO:00000044	peatland	1	The subject specifies multiple attributes in greater detail than the object	semapv:ManualMappingCuration	2026-08-28	https://orcid.org/0000-0003-2261-9931
GLWD:WetlandClass	GLWD:TropicalPeatlandNonForested	Tropical/subtropical peatland, non-forested	skos:broadMatch	ENVO:00000044	peatland	1	The subject specifies multiple attributes in greater detail than the object	semapv:ManualMappingCuration	2026-08-28	https://orcid.org/0000-0003-2261-9931
GLWD:WetlandClass	GLWD:Mangrove	Mangrove	skos:exactMatch	ENVO:00000057	mangrove swamp	1	Definitions match.	semapv:ManualMappingCuration	2026-08-28	https://orcid.org/0000-0003-2261-9931
GLWD:WetlandClass	GLWD:Saltmarsh	Saltmarsh	skos:exactMatch	ENVO:00000054	saline marsh	1	Definitions match.	semapv:ManualMappingCuration	2026-08-28	https://orcid.org/0000-0003-2261-9931
GLWD:WetlandClass	GLWD:Delta	Large river delta	skos:broadMatch	ENVO:00000101	delta	1	The subject has a "large" qualifier that the object lacks.	semapv:ManualMappingCuration	2026-08-28	https://orcid.org/0000-0003-2261-9931
GLWD:WetlandClass	GLWD:OtherCoastalWetland	Other coastal wetland	skos:narrowMatch	ENVO:00000230	coastal wetland ecosystem	1	The object has an "ecosystem" that the subject lacks.	semapv:ManualMappingCuration	2026-08-28	https://orcid.org/0000-0003-2261-9931
GLWD:WetlandClass	GLWD:SaltPan	Salt pan, saline/brackish wetland	skos:exactMatch	ENVO:00000279	saline pan	1	Definitions match.	semapv:ManualMappingCuration	2026-08-28	https://orcid.org/0000-0003-2261-9931
GLWD:WetlandClass	GLWD:RicePaddies	Rice paddies	skos:broadMatch	ENVO:00000297	paddy field	1	The subject has a "Rice" qualifier that the object lacks.	semapv:ManualMappingCuration	2026-08-28	https://orcid.org/0000-0003-2261-9931
